1;N/A
2;IICT004_TR
3;IICT005_GL
4;IICU003_TR
5;IIFA004_GL
6;IIMP002
7;IIMP009
8;IIMP017
9;IIMP035_AR
10;IIMP058
11;IIMP177_GL
12;IIMP178_GL
13;IIMP179_GL
14;IIMP214_AR
15;IINC110_TR
16;IINC118_TR 
17;IINH004_GL
18;IINXSD_0056
19;IITA183_TR
20;IITC081
21;IITC082
22;IITC083
23;IITC084
24;IITC085
25;IITC086
26;IITC087
27;IITC089
28;IITC090
29;IITC091
30;IITC092_AR
31;IITC093_AR
32;IITC094_AR
33;IITC095_AR
34;IITC096_AR
35;IITC097_AR
36;IITC098
37;IITC099
38;IITC100
39;IITC101
40;IITC102
41;IITC117
42;IITC129_MM
43;IITC130
44;IITC184
45;IITC190
46;IITC191
47;IITP013
48;IITP016
49;IITP019_AR
50;IITP028_AR
51;IITP042
52;IITP044
53;IITP054_MM
54;IITP056_AR
55;IITP062
56;IITP063
57;IITP068_GL
58;IITP069
59;IITP070
60;IITP073
61;IITP175
62;IITP180
63;IITP181
64;IITP193_AR
65;IITP194_AR
66;IITP195_AR
67;IITP196_AR
68;IITP198_AR
69;IITP199_AR
70;IITP200
71;IITP215_AR
72;IITP216
73;INC_49_PA
74;INDU_010_TR
75;INDU_023_TR
76;INDU_024_TM
77;INFA_9001_TR
78;INFA_9003_TR
79;INFA_9004_TR
80;INGL01
81;INGL02
82;INGL03
83;INGL04
84;INGL05
85;INGL06
86;INGL07
87;INGL08
88;INGL09
89;INGL09_NHT
90;INGL10
91;INGL11
92;INIC_001_GL
93;INIC_002_TM
94;INIC_006_GL
95;INIC_007/008/009/010_TR
96;INIC_007_TR
97;INIC_008_TR
98;INIC_010_TR
99;INIC_011_AR
100;INIC_013_TR
101;INIJ_001_GL
102;INIJ_002_TM
103;INIP_001_GL
104;INIP_002_TM
105;INIP_003_GL
106;INIP_006_GL
107;INIU_002_TM
108;INIX_001_GL
109;INIX_002_TM
110;INIX_003_GL
111;INIX_006_TR
112;INIX_008_TR
113;INIX_009_TR
114;INIX_010_TR
115;INIX_011_TR
116;INIX_016_AR
117;INMA_9001_TR
118;INMA_9002_TR
119;INME_004_GL
120;INME_006_TR
121;INME_007_GL
122;INME_009_GL
123;"INME_018_TM
INME_046_GL"
124;INME_029_GL
125;INME_038_TR
126;INME_045_AR
127;INME_047_TR
128;INME_048_TR
129;INME_049_TR
130;INME_050_GL
131;INME_051_GL
132;INME_052_GL
133;INME_053_GL
134;INME_054_GL
135;INMG_005_TR
136;INMG_006_GL
137;INMG_009_GL
138;INMG_011_TM
139;INMG_027_GL
140;INMG_046_AR
141;INMG_047_GL
142;INMG_050_TR
143;INMG_052_GL
144;INMG_053_GL
145;INMG_054_GL
146;INMG_055_GL
147;INMG_056_GL
148;"INMM11
INME_016
INMG_016
INMR_067
INNC_027
INNJ_033"
149;INMM12
150;INMM14
151;INMM39
152;INMR_009_TM
153;INMR_014_GL
154;INMR_066_TR
155;INMR_088_TR
156;INMR_089_TR
157;INMR_090_TR
158;INMR_091_TR
159;INMR_092_TR
160;INMR_094_TR
161;INMR_095_TR
162;INMR_096_TR
163;INMR_097_TR
164;INMR_098_TR
165;INMR_099_TR
166;INMR_102_TR
167;INMR_104_TR
168;INMR_105_TR
169;INMR_106_TR
170;INMR_108_GL
171;INMR_109_GL
172;INMR_110_GL
173;INMR_111_GL
174;INMR_112_GL
175;INMR_113_GL
176;INMR_114_GL
177;INMR_116_GL
178;INMR_117_TR
179;INMR_118_GL
180;INMR_119_GL
181;INMR_124_TR
182;INMR_125_TR
183;INMR_126_TR
184;INMR_137_TR
185;INNBLG_002_PM
186;INNBLG_005_PM
187;INNBLG_006_SD
188;INNBLG_008_SD
189;INNBLG_015_PM
190;INNBLG_027_PM
191;INNBLG_043_MM
192;INNC_068_GL
193;INNC_61_TR
194;INNH_001_PM
195;INNH_001_SD
196;INNH_002_MM
197;INNH_002_SD
198;INNH_003_MM
199;INNH_003_SD
200;INNH_004_MM
201;INNH_005
202;INO_10_GL
203;INO_11_GL
204;INO_14_GL
205;INO_15_GL
206;INO_2_GL
207;INO_3_GL
208;INO_30_GL
209;INO_34_GL
210;INO_35_GL
211;INO_5_GL
212;INO_6_GL
213;INPA01
214;INPA02
215;INPA03
216;INTA_9001_TR
217;INTA_9002_TR
218;INTM01
219;INTMA_009_SD
220;INTMA_010_SD
221;INTMA_011_SD
222;INTMA_013_LE
223;INTMA_015_PM
224;INTMA_016_PM
225;INTMA_026_MM
226;INTMA_042_PM
227;INTMA_051_WM
228;INTMA_054_SD
229;INTMC_001_MM
230;INTMC_002_SD
231;IOIX001
232;IOMP001
233;IOMP003
234;IOMP004
235;IOMP030
236;IOMP033
237;IOMP034
238;"IOMP038
IOMP039"
239;IOMP049
240;IOMP051
241;IOMP074
242;IOTC106
243;IOTC107
244;"IOTC111
IOTC110"
245;IOTC114
246;IOTC115
247;"IOTC119 
IOTC121"
248;IOTC120
249;IOTC122
250;IOTC123
251;"IOTC125
IOTC124"
252;IOTC137
253;IOTC139
254;IOTC153
255;IOTC215
256;IOTC217
257;IOTC218
258;IOTC219
259;IOTC220_MM
260;IOTP012
261;IOTP027
262;IOTP029_TR
263;IOTP031_TR
264;IOTP032_TR
265;IOTP036_TR - IOTP037_TR
266;IOTP036_TR / IOTP037_TR
267;IOTP040_TR
268;IOTP041_TR
269;IOTP043_TR
270;IOTP053
271;IOTP055
272;IOTP43
273;SRM_MKP_I_004
274;SRM_MKP_I_005
